tieu_de,link
Nhân Viên Lập Trình Máy Phay (CNC) - 1 Năm Kinh Nghiệm - Làm Việc Tại Bình Dương,https://www.topcv.vn/viec-lam/nhan-vien-lap-trinh-may-phay-cnc-1-nam-kinh-nghiem-lam-viec-tai-binh-duong/2013330.html
Manual Software Tester (QA/QC From 3yrs Exp.),https://www.topcv.vn/viec-lam/manual-software-tester-qa-qc-from-3yrs-exp/2008447.html
"Tester Tiếng Nhật (N3/N2, Không Yêu Cầu Kinh Nghiệm)",https://www.topcv.vn/viec-lam/tester-tieng-nhat-n3-n2-khong-yeu-cau-kinh-nghiem/2002089.html
IT Fresher 2026 - Chương Trình Tuyển Dụng Và Phát Triển Nhân Tài Công Nghệ Trẻ (Hà Nội Và TP. Hồ Chí Minh),https://www.topcv.vn/viec-lam/it-fresher-2026-chuong-trinh-tuyen-dung-va-phat-trien-nhan-tai-cong-nghe-tre-ha-noi-va-tp-ho-chi-minh/2004227.html
NV Kiểm Thử Phần Mềm Tester -Có Thể Đi Làm Sau Tết,https://www.topcv.vn/viec-lam/nv-kiem-thu-phan-mem-tester-co-the-di-lam-sau-tet/1563425.html
Thực Tập Sinh Công Nghệ Thông Tin Có Lương,https://www.topcv.vn/viec-lam/thuc-tap-sinh-cong-nghe-thong-tin-co-luong/2005356.html
IT Helpdesk Engineer/ IT Support/ Công Nghệ Thông Tin CNTT Tại Hà Nội (Thu Nhập Hấp Dẫn),https://www.topcv.vn/viec-lam/it-helpdesk-engineer-it-support-cong-nghe-thong-tin-cntt-tai-ha-noi-thu-nhap-hap-dan/2002233.html
Thực Tập Sinh JavaScript - Playable Ads (Short Demo Game),https://www.topcv.vn/viec-lam/thuc-tap-sinh-javascript-playable-ads-short-demo-game/2005667.html
Data Analyst / Business Data Analyst,https://www.topcv.vn/viec-lam/data-analyst-business-data-analyst/2007309.html
Unity Developer,https://www.topcv.vn/viec-lam/unity-developer/2004834.html
Senior Software Engineer (NodeJS) - 5 Năm Kinh Nghiệm - Thu Nhập Từ 40 - 55 Triệu/Tháng,https://www.topcv.vn/viec-lam/senior-software-engineer-nodejs-5-nam-kinh-nghiem-thu-nhap-tu-40-55-trieu-thang/2000941.html
Chuyên Viên Phân Tích Nghiệp Vụ Cao Cấp (Senior Business Analyst),https://www.topcv.vn/viec-lam/chuyen-vien-phan-tich-nghiep-vu-cao-cap-senior-business-analyst/2002112.html
"Front-End Developer Shopify (Up To $2,500/Month)",https://www.topcv.vn/viec-lam/front-end-developer-shopify-up-to-2-500-month/1948477.html
Chuyên Viên BA EdTech Lương Thưởng Hấp Dẫn Đi Làm Sau Tết,https://www.topcv.vn/viec-lam/chuyen-vien-ba-edtech-luong-thuong-hap-dan-di-lam-sau-tet/2003287.html
Frontend / ReactJS / NextJS Developer - Từ 2 - 5 Năm Kinh Nghiệm - Thu Nhập 15 - 25 Triệu - Tại Hà Nội,https://www.topcv.vn/viec-lam/frontend-reactjs-nextjs-developer-tu-2-5-nam-kinh-nghiem-thu-nhap-15-25-trieu-tai-ha-noi/2009596.html
Thực Tập Sinh Công Nghệ Thông Tin (Có Lương + Mộc),https://www.topcv.vn/viec-lam/thuc-tap-sinh-cong-nghe-thong-tin-co-luong-moc/1977089.html
Digital Marketing - Có Ít Nhất Từ 1 Năm Kinh Nghiệm Chạy Ads,https://www.topcv.vn/viec-lam/digital-marketing-co-it-nhat-tu-1-nam-kinh-nghiem-chay-ads/1995259.html
Thực Tập Sinh Công Nghệ Thông Tin (Có Mộc+ Lương),https://www.topcv.vn/viec-lam/thuc-tap-sinh-cong-nghe-thong-tin-co-moc-luong/2005324.html
Manual Tester Domain Banking,https://www.topcv.vn/viec-lam/manual-tester-domain-banking/1973087.html
Chuyên Viên Phân Tích Nghiệp Vụ (BA),https://www.topcv.vn/viec-lam/chuyen-vien-phan-tich-nghiep-vu-ba/2012486.html
Android App Developer,https://www.topcv.vn/viec-lam/android-app-developer/2007294.html
Business Analyst,https://www.topcv.vn/viec-lam/business-analyst/1887317.html
Quality Control (Japanese N4) / Kiểm Thử Phần Mềm,https://www.topcv.vn/viec-lam/quality-control-japanese-n4-kiem-thu-phan-mem/2010192.html
Backend Developer (Golang),https://www.topcv.vn/viec-lam/backend-developer-golang/1664006.html
Customer Support (IT/ English Required) / Chuyên Viên Hỗ Trợ Khách Hàng Quốc Tế,https://www.topcv.vn/viec-lam/customer-support-it-english-required-chuyen-vien-ho-tro-khach-hang-quoc-te/2007184.html
"Senior JAVA Developer (5 Năm Kinh Nghiệm) Lương Từ 20 - 45 Triệu Tại Hà Nội, Đi Làm Ngay",https://www.topcv.vn/viec-lam/senior-java-developer-5-nam-kinh-nghiem-luong-tu-20-45-trieu-tai-ha-noi-di-lam-ngay/1823095.html
Business Analyst (Product Owner),https://www.topcv.vn/viec-lam/business-analyst-product-owner/2011370.html
Nhân Viên Kinh Doanh B2B - (3 - 5 Năm Kinh Nghiệm),https://www.topcv.vn/viec-lam/nhan-vien-kinh-doanh-b2b-3-5-nam-kinh-nghiem/1597848.html
Mobile Developer (Flutter/Android),https://www.topcv.vn/viec-lam/mobile-developer-flutter-android/2005217.html
Kiểm Thử Viên Chất Lượng (QA Tester) - Chuyên Về Mobile & Web,https://www.topcv.vn/viec-lam/kiem-thu-vien-chat-luong-qa-tester-chuyen-ve-mobile-web/2008396.html
Nhân Viên Phân Tích Nghiệp Vụ (Có Kinh Nghiệm),https://www.topcv.vn/viec-lam/nhan-vien-phan-tich-nghiep-vu-co-kinh-nghiem/2008836.html
Kỹ Sư Lập Trình Nhúng,https://www.topcv.vn/viec-lam/ky-su-lap-trinh-nhung/2009286.html
"Tester [Hà Nội] - Thu Nhập 9-20 Triệu, Nhiều Đãi Ngộ Hấp Dẫn Khác",https://www.topcv.vn/viec-lam/tester-ha-noi-thu-nhap-9-20-trieu-nhieu-dai-ngo-hap-dan-khac/2013194.html
"Team Lead / Technical Lead Java Full Stack (Spring Boot, Angular/ReactJS)",https://www.topcv.vn/viec-lam/team-lead-technical-lead-java-full-stack-spring-boot-angular-reactjs/2007653.html
Backend / ASP.NET C# Từ 2 - 5 Năm Kinh Nghiệm,https://www.topcv.vn/viec-lam/backend-asp-net-c-tu-2-5-nam-kinh-nghiem/2009627.html
"Fullstack Developer (.NET, React, SQL, C#) - Open Đi Làm Sau Tết Âm",https://www.topcv.vn/viec-lam/fullstack-developer-net-react-sql-c-open-di-lam-sau-tet-am/1835045.html
Chuyên Viên Phân Tích Nghiệp Vụ Tiếng Hàn,https://www.topcv.vn/viec-lam/chuyen-vien-phan-tich-nghiep-vu-tieng-han/1450382.html
Chuyên Viên Cao Cấp Nghiên Cứu Trải Nghiệm Người Dùng (UX Tester),https://www.topcv.vn/viec-lam/chuyen-vien-cao-cap-nghien-cuu-trai-nghiem-nguoi-dung-ux-tester/2009533.html
Middle Full-Stack Web Dev - Từ 3 Năm Kinh Nghiệm - Offer Upto 40M - Hà Nội,https://www.topcv.vn/viec-lam/middle-full-stack-web-dev-tu-3-nam-kinh-nghiem-offer-upto-40m-ha-noi/2009232.html
Lập Trình Viên Backend,https://www.topcv.vn/viec-lam/lap-trinh-vien-backend/2010302.html
Nhân Viên Tư Vấn Sale Online/ Chăm Sóc Khách Hàng (Game) - Thu Nhập Hấp Dẫn,https://www.topcv.vn/viec-lam/nhan-vien-tu-van-sale-online-cham-soc-khach-hang-game-thu-nhap-hap-dan/1966463.html
"Nhân Viên Kỹ Thuật [Hà Nội] - Thu Nhập Cạnh Tranh, Tối Thiểu 2 Năm Kinh Nghiệm",https://www.topcv.vn/viec-lam/nhan-vien-ky-thuat-ha-noi-thu-nhap-canh-tranh-toi-thieu-2-nam-kinh-nghiem/2006014.html
Trưởng Phòng Giải Pháp Công Nghệ Cao,https://www.topcv.vn/viec-lam/truong-phong-giai-phap-cong-nghe-cao/2011588.html
Nhân Viên Hỗ Trợ CNTT,https://www.topcv.vn/viec-lam/nhan-vien-ho-tro-cntt/2008780.html
AI | Machine Learning Developer,https://www.topcv.vn/viec-lam/ai-machine-learning-developer/2012694.html
Kỹ Sư Công Nghệ Thông Tin Tại Hà Nội/ Thu Nhập Upto 50M,https://www.topcv.vn/viec-lam/ky-su-cong-nghe-thong-tin-tai-ha-noi-thu-nhap-upto-50m/2011806.html
Software Quality Assurance (SQA) Engineer,https://www.topcv.vn/viec-lam/software-quality-assurance-sqa-engineer/1974982.html
Senior Business Analyst (Chuyển Đổi Số Khối CP),https://www.topcv.vn/viec-lam/senior-business-analyst-chuyen-doi-so-khoi-cp/1823145.html
Backend Python Developer For AI Agent Development Project,https://www.topcv.vn/viec-lam/backend-python-developer-for-ai-agent-development-project/1997032.html
Chuyên Viên Phân Tích Nghiệp Vụ Phần Mềm (Yêu Cầu Học Kế Toán/Kiểm Toán) - Phỏng Vấn Trước Tết - Onboard Sau Tết,https://www.topcv.vn/viec-lam/chuyen-vien-phan-tich-nghiep-vu-phan-mem-yeu-cau-hoc-ke-toan-kiem-toan-phong-van-truoc-tet-onboard-sau-tet/2005944.html
"IT Sales Executive (IT Outsourcing, B2B) - Upto 40M - Hà Nội",https://www.topcv.vn/viec-lam/it-sales-executive-it-outsourcing-b2b-upto-40m-ha-noi/2006775.html
Nhân Viên Triển Khai Giải Pháp ERP (Business Analyst - Vững Nghiệp Vụ Kế Toán),https://www.topcv.vn/viec-lam/nhan-vien-trien-khai-giai-phap-erp-business-analyst-vung-nghiep-vu-ke-toan/2013165.html
Unreal Engine Artist Tại Hồ Chí Minh (Lương 10tr - 30tr) CV Tiếng Anh Và Portfolio File Video,https://www.topcv.vn/viec-lam/unreal-engine-artist-tai-ho-chi-minh-luong-10tr-30tr-cv-tieng-anh-va-portfolio-file-video/1518603.html
NV Hỗ Trợ Khách Hàng Và Tư Vấn Triển Khai Phần Mềm,https://www.topcv.vn/viec-lam/nv-ho-tro-khach-hang-va-tu-van-trien-khai-phan-mem/2015075.html
Chuyên Viên Tư Vấn Giải Pháp (Presale),https://www.topcv.vn/viec-lam/chuyen-vien-tu-van-giai-phap-presale/1927330.html
UA Marketing (Android App) Tại Hà Nội (Lương Upto 20 Triệu + Thưởng),https://www.topcv.vn/viec-lam/ua-marketing-android-app-tai-ha-noi-luong-upto-20-trieu-thuong/2004008.html
Blockchain Backend Developer,https://www.topcv.vn/viec-lam/blockchain-backend-developer/1911430.html
Giảng Viên Khoa Công Nghệ Thông Tin Tại Hà Nội,https://www.topcv.vn/viec-lam/giang-vien-khoa-cong-nghe-thong-tin-tai-ha-noi/2000203.html
SAP Consultant (PP)| Lương Lên Đến $3000 (Hồ Chí Minh),https://www.topcv.vn/viec-lam/sap-consultant-pp-luong-len-den-3000-ho-chi-minh/1978930.html
"SAP Consultant (FICO) | Lương Lên Đến $3000 (Hồ Chí Minh, Hà Nội)",https://www.topcv.vn/viec-lam/sap-consultant-fico-luong-len-den-3000-ho-chi-minh-ha-noi/1725317.html
Senior VoIP Engineer Có Từ 3 Năm Kinh Nghiệm Thu Nhập Hấp Dẫn,https://www.topcv.vn/viec-lam/senior-voip-engineer-co-tu-3-nam-kinh-nghiem-thu-nhap-hap-dan/1995600.html
Korean Bridge Software Engineer - Kỹ Sư Cầu Nối Tiếng Hàn,https://www.topcv.vn/viec-lam/korean-bridge-software-engineer-ky-su-cau-noi-tieng-han/1696963.html
UA Lead For Mobile App (30-50M NET),https://www.topcv.vn/viec-lam/ua-lead-for-mobile-app-30-50m-net/1999222.html
IT Project Manager,https://www.topcv.vn/viec-lam/it-project-manager/1729935.html
Postsale Security Engineer - Upto 35M,https://www.topcv.vn/viec-lam/postsale-security-engineer-upto-35m/1994291.html
Kỹ Sư Sản Xuất (Thiết Lập Điều Kiện Máy Ép) - Lương Đến 30 Triệu - Có Thể Nhận Việc Sau Tết,https://www.topcv.vn/viec-lam/ky-su-san-xuat-thiet-lap-dieu-kien-may-ep-luong-den-30-trieu-co-the-nhan-viec-sau-tet/1972504.html
Trưởng Nhóm Học Thuật Về Lập Trình - Thủ Dầu Một (Bình Dương Cũ),https://www.topcv.vn/viec-lam/truong-nhom-hoc-thuat-ve-lap-trinh-thu-dau-mot-binh-duong-cu/1952097.html
Phân Tích Kinh Doanh (Business Analyst),https://www.topcv.vn/viec-lam/phan-tich-kinh-doanh-business-analyst/1985662.html
Tư Vấn Hạ Tầng CNTT,https://www.topcv.vn/viec-lam/tu-van-ha-tang-cntt/2003527.html
Bridge Software Engineer (Remote Tại Hà Nội),https://www.topcv.vn/viec-lam/bridge-software-engineer-remote-tai-ha-noi/2005046.html
Kỹ Sư Phần Mềm Robot/AMR (Software Engineer),https://www.topcv.vn/viec-lam/ky-su-phan-mem-robot-amr-software-engineer/2014123.html
Chuyên Viên Kế Toán Giá Thành Có Ít Nhất 2 Năm Kinh Nghiệm Tại Bắc Ninh (Thu Nhập 12-13 Triệu),https://www.topcv.vn/viec-lam/chuyen-vien-ke-toan-gia-thanh-co-it-nhat-2-nam-kinh-nghiem-tai-bac-ninh-thu-nhap-12-13-trieu/1977730.html
"Nhân Viên Kỹ Thuật IT, Điện Tử Viễn Thông - Kinh N",https://www.topcv.vn/viec-lam/nhan-vien-ky-thuat-it-dien-tu-vien-thong-kinh-n/1991773.html
Mentor Luyện Thi Chứng Chỉ AWS ISTQB,https://www.topcv.vn/viec-lam/mentor-luyen-thi-chung-chi-aws-istqb/2015310.html
Nhóm Trưởng Vận Hành Máy Phay CNC – Tiện CNC,https://www.topcv.vn/viec-lam/nhom-truong-van-hanh-may-phay-cnc-tien-cnc/2014991.html
Business Analyst (Domain ERP/CRM/HRM),https://www.topcv.vn/viec-lam/business-analyst-domain-erp-crm-hrm/2012797.html
Senior Project Manager,https://www.topcv.vn/viec-lam/senior-project-manager/2013652.html
Middle SAP MM/SD Consultant,https://www.topcv.vn/viec-lam/middle-sap-mm-sd-consultant/1962743.html
Nhân Viên Kinh Doanh Hỗ Trợ Dự Án IT & CCTV - Thu Nhập Từ 25 Triệu - Kinh Nghiệm Từ 2 Năm - Hồ Chí Minh,https://www.topcv.vn/viec-lam/nhan-vien-kinh-doanh-ho-tro-du-an-it-cctv-thu-nhap-tu-25-trieu-kinh-nghiem-tu-2-nam-ho-chi-minh/1533657.html
Nhân Viên Tư Vấn Dịch Vụ Website - Lương Thưởng Hấp Dẫn,https://www.topcv.vn/viec-lam/nhan-vien-tu-van-dich-vu-website-luong-thuong-hap-dan/2007553.html
Quản Lý Ca Trực Nhà Hàng - Kinh Nghiệm Ít Nhất 6 Tháng Trong F&B - McDonald'S Khu Vực Phú Quốc ( Thu Nhập Lên Đến 15 Triệu),https://www.topcv.vn/viec-lam/quan-ly-ca-truc-nha-hang-kinh-nghiem-it-nhat-6-thang-trong-fb-mcdonalds-khu-vuc-phu-quoc-thu-nhap-len-den-15-trieu/1964340.html
CVCC/CG Quản Trị Rủi Ro Công Nghệ Thông Tin (Digital Channel Risk Management Specialist),https://www.topcv.vn/viec-lam/cvcc-cg-quan-tri-rui-ro-cong-nghe-thong-tin-digital-channel-risk-management-specialist/1971205.html
Fullstack AI Intern,https://www.topcv.vn/viec-lam/fullstack-ai-intern/2007044.html
Java Spring Boot,https://www.topcv.vn/viec-lam/java-spring-boot/2002424.html
Fresher Business Analyst (Dịch Vụ Chuyển Đổi Số),https://www.topcv.vn/viec-lam/fresher-business-analyst-dich-vu-chuyen-doi-so/1537223.html
Lập Trình Viên Web Front-End (ReactJS/NextJS),https://www.topcv.vn/viec-lam/lap-trinh-vien-web-front-end-reactjs-nextjs/2002116.html
Chuyên Viên/ Nhân Viên ERP,https://www.topcv.vn/viec-lam/chuyen-vien-nhan-vien-erp/2006136.html
"Thực Tập Sinh PHP (Sinh Viên Năm Cuối, Backend)",https://www.topcv.vn/viec-lam/thuc-tap-sinh-php-sinh-vien-nam-cuoi-backend/2003145.html
Business Analyst & Technology Support,https://www.topcv.vn/viec-lam/business-analyst-technology-support/2003620.html
IT Helpdesk,https://www.topcv.vn/viec-lam/it-helpdesk/1913864.html
Internship Back-End Developer (NODE.JS/PYTHON) Thu Nhập Upto 9 Triệu,https://www.topcv.vn/viec-lam/internship-back-end-developer-node-js-python-thu-nhap-upto-9-trieu/2006055.html
Software Tester (Manual & Automation),https://www.topcv.vn/viec-lam/software-tester-manual-automation/2004876.html
Frontend Developer,https://www.topcv.vn/viec-lam/frontend-developer/1886042.html
Nhân Viên Business Analyst,https://www.topcv.vn/viec-lam/nhan-vien-business-analyst/2002963.html
Lập Trình Viên Frontend,https://www.topcv.vn/viec-lam/lap-trinh-vien-frontend/1949892.html
Internship/Fresher UA Marketing Mobile App,https://www.topcv.vn/viec-lam/internship-fresher-ua-marketing-mobile-app/2003728.html
Thực Tập Sinh Vận Hành Hệ Thống,https://www.topcv.vn/viec-lam/thuc-tap-sinh-van-hanh-he-thong/1124480.html
Chuyên Viên Cao Cấp Phân Tích Nghiệp Vụ (Kênh Ngân Hàng Số),https://www.topcv.vn/viec-lam/chuyen-vien-cao-cap-phan-tich-nghiep-vu-kenh-ngan-hang-so/1647922.html
Web Developer,https://www.topcv.vn/viec-lam/web-developer/2006508.html
Java Developer,https://www.topcv.vn/viec-lam/java-developer/2004895.html
Business Analyst,https://www.topcv.vn/viec-lam/business-analyst/1320794.html
Thực Tập Mobile App Developer,https://www.topcv.vn/viec-lam/thuc-tap-mobile-app-developer/2002353.html
Senior Tester,https://www.topcv.vn/viec-lam/senior-tester/1886068.html
Thực Tập Sinh .Net (Technical Support),https://www.topcv.vn/viec-lam/thuc-tap-sinh-net-technical-support/1711560.html
PHP Developer (Magento),https://www.topcv.vn/viec-lam/php-developer-magento/2003642.html
Senior Mobile Developer (Flutter/IOS/Android/Dart),https://www.topcv.vn/viec-lam/senior-mobile-developer-flutter-ios-android-dart/2002289.html
Nhân Viên Bảo Trì Website Alibaba,https://www.topcv.vn/viec-lam/nhan-vien-bao-tri-website-alibaba/2006564.html
AI Team Lead (Researcher + Developer),https://www.topcv.vn/viec-lam/ai-team-lead-researcher-developer/2008229.html
Senior .NET (Định Hướng Techlead),https://www.topcv.vn/viec-lam/senior-net-dinh-huong-techlead/2004395.html
Business Analyst (Domain Fintech),https://www.topcv.vn/viec-lam/business-analyst-domain-fintech/2003071.html
Full Stack Developer Intern (Nodejs & Reactjs),https://www.topcv.vn/viec-lam/full-stack-developer-intern-nodejs-reactjs/2008356.html
Backend Developer/ Kỹ Sư Golang - Thu Nhập Không Giới Hạn (Nhận Việc Ngay),https://www.topcv.vn/viec-lam/backend-developer-ky-su-golang-thu-nhap-khong-gioi-han-nhan-viec-ngay/1931370.html
"Kỹ Sư Đảm Bảo Chất Lượng/ Fresher - Middle QA/ Tester - Tiếng Anh Tốt - Làm Việc Tại Hà Nội, Đà Nẵng - Thu Nhập Cao",https://www.topcv.vn/viec-lam/ky-su-dam-bao-chat-luong-fresher-middle-qa-tester-tieng-anh-tot-lam-viec-tai-ha-noi-da-nang-thu-nhap-cao/1445229.html
Quality Assurance (QA),https://www.topcv.vn/viec-lam/quality-assurance-qa/1938195.html
Lập Trình Viên Back-End (Java),https://www.topcv.vn/viec-lam/lap-trinh-vien-back-end-java/2008766.html
Unity WebGL And HTML5 Game Developer,https://www.topcv.vn/viec-lam/unity-webgl-and-html5-game-developer/2002429.html
Lập Trình Viên AI,https://www.topcv.vn/viec-lam/lap-trinh-vien-ai/1975838.html
Web Developer (Remote Tại Hà Nội Hoặc Đà Nẵng),https://www.topcv.vn/viec-lam/web-developer-remote-tai-ha-noi-hoac-da-nang/2005028.html
Chuyên Viên IT Support,https://www.topcv.vn/viec-lam/chuyen-vien-it-support/2006663.html
Nhân Viên Tester/QC,https://www.topcv.vn/viec-lam/nhan-vien-tester-qc/2007196.html
IT Comtor (Tiếng Nhật),https://www.topcv.vn/viec-lam/it-comtor-tieng-nhat/1678280.html
Java Software Engineer,https://www.topcv.vn/viec-lam/java-software-engineer/2008016.html
Backend Engineer,https://www.topcv.vn/viec-lam/backend-engineer/1833827.html
Nhân Viên Kế Toán Học Việc - Ít Kinh Nghiệm,https://www.topcv.vn/viec-lam/nhan-vien-ke-toan-hoc-viec-it-kinh-nghiem/2001403.html
Fullstack Developer - YC 5 Năm Kinh Nghiệm,https://www.topcv.vn/viec-lam/fullstack-developer-yc-5-nam-kinh-nghiem/2005603.html
Lập Trình Viên Backend (Python),https://www.topcv.vn/viec-lam/lap-trinh-vien-backend-python/2002623.html
Senior Back-End Developer (.Net/Golang),https://www.topcv.vn/viec-lam/senior-back-end-developer-net-golang/2005282.html
Fresher Mobile Developer,https://www.topcv.vn/viec-lam/fresher-mobile-developer/2006976.html
Nhân Viên Kiểm Soát Chất Lượng QC/ Software Tester Đi Làm Ngay Hoặc Ra Tết Đi Làm,https://www.topcv.vn/viec-lam/nhan-vien-kiem-soat-chat-luong-qc-software-tester-di-lam-ngay-hoac-ra-tet-di-lam/1980240.html
Backend Engineer (Go / Distributed Systems),https://www.topcv.vn/viec-lam/backend-engineer-go-distributed-systems/2004683.html
PHP Developer ERP Cross-Border – YII – Tiếng Trung,https://www.topcv.vn/viec-lam/php-developer-erp-cross-border-yii-tieng-trung/2007243.html
Java Developer - Đi Làm Ngay Hoặc Ra Tết Đi Làm,https://www.topcv.vn/viec-lam/java-developer-di-lam-ngay-hoac-ra-tet-di-lam/1761414.html
Backend Java Developer (Từ 2 Năm Kinh Nghiệm),https://www.topcv.vn/viec-lam/backend-java-developer-tu-2-nam-kinh-nghiem/1954840.html
Nhân Viên Kinh Doanh Dự Án IT,https://www.topcv.vn/viec-lam/nhan-vien-kinh-doanh-du-an-it/1670505.html
Nhân Viên Kỹ Thuật (IT Helpdesk),https://www.topcv.vn/viec-lam/nhan-vien-ky-thuat-it-helpdesk/2007033.html
Frontend Developer - Đi Làm Ngay Hoặc Ra Tết Đi Làm,https://www.topcv.vn/viec-lam/frontend-developer-di-lam-ngay-hoac-ra-tet-di-lam/1651361.html
Senior Frontend Developer (React.Js/Next.Js) - Mức Lương Upto 30M,https://www.topcv.vn/viec-lam/senior-frontend-developer-react-js-next-js-muc-luong-upto-30m/1967715.html
"Manual Tester (App, Web, API, SQL)",https://www.topcv.vn/viec-lam/manual-tester-app-web-api-sql/1953087.html
Senior System Engineer (Linux),https://www.topcv.vn/viec-lam/senior-system-engineer-linux/1963656.html
Intern Backend Dev (PHP Or Python),https://www.topcv.vn/viec-lam/intern-backend-dev-php-or-python/2012517.html
Nhân Viên Kỹ Thuật,https://www.topcv.vn/viec-lam/nhan-vien-ky-thuat/2007387.html
Product Manager,https://www.topcv.vn/viec-lam/product-manager/1886198.html
Software Developer (C++/Golang),https://www.topcv.vn/viec-lam/software-developer-c-golang/1637012.html
IT Helpdesk Intern,https://www.topcv.vn/viec-lam/it-helpdesk-intern/2005494.html
Web Development Engineer (Remote),https://www.topcv.vn/viec-lam/web-development-engineer-remote/2012833.html
Business Analyst - Đi Làm Ngay Hoặc Ra Tết Đi Làm,https://www.topcv.vn/viec-lam/business-analyst-di-lam-ngay-hoac-ra-tet-di-lam/1962034.html
Game Tester (Junior),https://www.topcv.vn/viec-lam/game-tester-junior/2004907.html
Business Analyst (IT/Gaming Industry) - Fresher Up,https://www.topcv.vn/viec-lam/business-analyst-it-gaming-industry-fresher-up/1453909.html
Angular Developer,https://www.topcv.vn/viec-lam/angular-developer/2002807.html
Project Manager - Phát Triển Phần Mềm,https://www.topcv.vn/viec-lam/project-manager-phat-trien-phan-mem/1844457.html
"IT Customer Support (Open For Fresher, English Fluency, Up To 24mil Gross)",https://www.topcv.vn/viec-lam/it-customer-support-open-for-fresher-english-fluency-up-to-24mil-gross/2009953.html
Business Analyst (Có Kinh Nghiệm Với SAP/ Oracle/ MES),https://www.topcv.vn/viec-lam/business-analyst-co-kinh-nghiem-voi-sap-oracle-mes/2003558.html
IoT Developer (Chuyên Về UAV),https://www.topcv.vn/viec-lam/iot-developer-chuyen-ve-uav/1634266.html
Senior Java Developer,https://www.topcv.vn/viec-lam/senior-java-developer/1946319.html
Business Analyst,https://www.topcv.vn/viec-lam/business-analyst/1973660.html
Thực Tập Sinh Game Tester (QA),https://www.topcv.vn/viec-lam/thuc-tap-sinh-game-tester-qa/1671850.html
Embedded System Tester,https://www.topcv.vn/viec-lam/embedded-system-tester/2009901.html
Frontend Developer (ReactJS),https://www.topcv.vn/viec-lam/frontend-developer-reactjs/2013316.html
Sale IT Từ 6 Tháng Kinh Nghiệm - Hoa Hồng Upto 20% - Có Thể Đi Làm Sau Tết,https://www.topcv.vn/viec-lam/sale-it-tu-6-thang-kinh-nghiem-hoa-hong-upto-20-co-the-di-lam-sau-tet/1980451.html
Business Analyst (Shopify B2B),https://www.topcv.vn/viec-lam/business-analyst-shopify-b2b/2007908.html
Fullstack .Net Technical Support,https://www.topcv.vn/viec-lam/fullstack-net-technical-support/2009418.html
Java Developer (Middle/Senior),https://www.topcv.vn/viec-lam/java-developer-middle-senior/2004386.html
Fullstack Developer - Từ 2 Năm Kinh Nghiệm Trở Lên - Gò Vấp,https://www.topcv.vn/viec-lam/fullstack-developer-tu-2-nam-kinh-nghiem-tro-len-go-vap/1637037.html
Chuyên Viên Hỗ Trợ Vận Hành Hệ Thống Oracle EBS,https://www.topcv.vn/viec-lam/chuyen-vien-ho-tro-van-hanh-he-thong-oracle-ebs/1949808.html
Junior Manual Tester Onsite Bank,https://www.topcv.vn/viec-lam/junior-manual-tester-onsite-bank/1978147.html
Tester / QA (Full-Time),https://www.topcv.vn/viec-lam/tester-qa-full-time/2007544.html
DotNET Developer,https://www.topcv.vn/viec-lam/dotnet-developer/1191637.html
Nhân Viên IT Xử Lý Phần Mềm,https://www.topcv.vn/viec-lam/nhan-vien-it-xu-ly-phan-mem/2012387.html
Technical Leader (PHP/Laravel),https://www.topcv.vn/viec-lam/technical-leader-php-laravel/1994250.html
Business Analyst (Domain Bank/Fintech),https://www.topcv.vn/viec-lam/business-analyst-domain-bank-fintech/2008069.html
IT Helpdesk,https://www.topcv.vn/viec-lam/it-helpdesk/1812402.html
Senior Sales B2B- HCM,https://www.topcv.vn/viec-lam/senior-sales-b2b-hcm/2004634.html
Quality Assurance (Cum Business Analyst),https://www.topcv.vn/viec-lam/quality-assurance-cum-business-analyst/1835499.html
Intern AI - ERP - Software Developer,https://www.topcv.vn/viec-lam/intern-ai-erp-software-developer/1987778.html
Dev (Java Backend) - Từ 2 Năm KN - Dự Án Bank/Finance - UPTO 25M,https://www.topcv.vn/viec-lam/dev-java-backend-tu-2-nam-kn-du-an-bank-finance-upto-25m/2010710.html
TECH LEAD / CO-OWNER (MMO Application & Software As A Service),https://www.topcv.vn/viec-lam/tech-lead-co-owner-mmo-application-software-as-a-service/2002006.html
Business Analyst (Japanese Speaking),https://www.topcv.vn/viec-lam/business-analyst-japanese-speaking/1820395.html
Unity Developer,https://www.topcv.vn/viec-lam/unity-developer/2009264.html
System Admin,https://www.topcv.vn/viec-lam/system-admin/2008028.html
Business Solution Consultant (Presales & Tư Vấn Giải Pháp) - Thu Nhập Hấp Dẫn - Làm Việc Tại Hồ Chí Minh,https://www.topcv.vn/viec-lam/business-solution-consultant-presales-tu-van-giai-phap-thu-nhap-hap-dan-lam-viec-tai-ho-chi-minh/2003056.html
DevOps Engineer (Junior/Middle/Senior),https://www.topcv.vn/viec-lam/devops-engineer-junior-middle-senior/2004379.html
Senior 5+Yoe PHP/ Laravel Developer,https://www.topcv.vn/viec-lam/senior-5-yoe-php-laravel-developer/2009469.html
Lập Trình Viên - Backend Developer,https://www.topcv.vn/viec-lam/lap-trinh-vien-backend-developer/2011981.html
Unity Developer (Casual/Puzzle) - Junior/Middle,https://www.topcv.vn/viec-lam/unity-developer-casual-puzzle-junior-middle/942549.html
Game Tester,https://www.topcv.vn/viec-lam/game-tester/2007445.html
Nhân Viên React Native Mobile,https://www.topcv.vn/viec-lam/nhan-vien-react-native-mobile/1086109.html
"Lập Trình Viên Java (Product Domain Bank, Fintech)",https://www.topcv.vn/viec-lam/lap-trinh-vien-java-product-domain-bank-fintech/1976246.html
"IT Phần Cứng Laptop, PC (Thinkpad, Legion..) Nghỉ T7,CN Tại Hà Nội",https://www.topcv.vn/viec-lam/it-phan-cung-laptop-pc-thinkpad-legion-nghi-t7-cn-tai-ha-noi/1598493.html
Quality Engineer ( Automation & Manual Test- Upto 25M Net),https://www.topcv.vn/viec-lam/quality-engineer-automation-manual-test-upto-25m-net/2010834.html
Android Developer,https://www.topcv.vn/viec-lam/android-developer/1926713.html
Business Analyst (Junior),https://www.topcv.vn/viec-lam/business-analyst-junior/2009770.html
IT Helpdesk,https://www.topcv.vn/viec-lam/it-helpdesk/2012030.html
Lập Trình Viên React Kinh Nghiệm Từ 5 Năm,https://www.topcv.vn/viec-lam/lap-trinh-vien-react-kinh-nghiem-tu-5-nam/2009338.html
"Chuyên Viên DevOps Engineer (Database, SQL)",https://www.topcv.vn/viec-lam/chuyen-vien-devops-engineer-database-sql/1963000.html
Frontend Developer (Fresher) - Lên Đến 18 Triệu,https://www.topcv.vn/viec-lam/frontend-developer-fresher-len-den-18-trieu/884737.html
IT Manager (Fluent In English),https://www.topcv.vn/viec-lam/it-manager-fluent-in-english/2013510.html
Business Analyst,https://www.topcv.vn/viec-lam/business-analyst/2011207.html
Chuyên Viên Phân Tích Nghiệp Vụ,https://www.topcv.vn/viec-lam/chuyen-vien-phan-tich-nghiep-vu/74063.html
Business Analyst,https://www.topcv.vn/viec-lam/business-analyst/2013263.html
Lập Trình Viên Java Kinh Nghiệm Từ 5 Năm,https://www.topcv.vn/viec-lam/lap-trinh-vien-java-kinh-nghiem-tu-5-nam/2009354.html
AI Developer [Hà Nội] - Thu Nhập Hấp Dẫn Deal Theo Năng Lực,https://www.topcv.vn/viec-lam/ai-developer-ha-noi-thu-nhap-hap-dan-deal-theo-nang-luc/2009296.html
Fullstack Developer - Upto 30M Net,https://www.topcv.vn/viec-lam/fullstack-developer-upto-30m-net/2012143.html
"Android Developer (Java, Kotlin)",https://www.topcv.vn/viec-lam/android-developer-java-kotlin/2012600.html
Senior DevOps Engineer,https://www.topcv.vn/viec-lam/senior-devops-engineer/2004934.html
Playable Ads Developer (Unity),https://www.topcv.vn/viec-lam/playable-ads-developer-unity/2009412.html
"Nhân Viên Hỗ Trợ Kỹ Thuật/Helpdesk (Nghỉ T7,CN) - Lương Cứng Upto 15 Triệu",https://www.topcv.vn/viec-lam/nhan-vien-ho-tro-ky-thuat-helpdesk-nghi-t7-cn-luong-cung-upto-15-trieu/1991509.html
Business Analyst,https://www.topcv.vn/viec-lam/business-analyst/2012251.html
Full Stack Engineer (Python/TypeScript),https://www.topcv.vn/viec-lam/full-stack-engineer-python-typescript/1976855.html
IOS Developer,https://www.topcv.vn/viec-lam/ios-developer/2012074.html
Business Analyst - Chuyên Viên Phân Tích Nghiệp Vụ,https://www.topcv.vn/viec-lam/business-analyst-chuyen-vien-phan-tich-nghiep-vu/2011954.html
Chuyên Viên Business Analyst,https://www.topcv.vn/viec-lam/chuyen-vien-business-analyst/2009307.html
Nhân Viên Fullstack Developer (Làm Việc Thứ 2-6),https://www.topcv.vn/viec-lam/nhan-vien-fullstack-developer-lam-viec-thu-2-6/1805889.html
Fullstack Developer (ReactJS & NestJS),https://www.topcv.vn/viec-lam/fullstack-developer-reactjs-nestjs/2013498.html
Dev Mobile Frontend (Android/IOS) - (Từ 2 Năm KN) - Dự Án Bank/Finance - Upto 25M,https://www.topcv.vn/viec-lam/dev-mobile-frontend-android-ios-tu-2-nam-kn-du-an-bank-finance-upto-25m/2010880.html
Lập Trình Viên IOS (Product Domain Bank/Fintech),https://www.topcv.vn/viec-lam/lap-trinh-vien-ios-product-domain-bank-fintech/2003724.html
Nhân Viên Business Analyst (Làm Việc Thứ 2-6),https://www.topcv.vn/viec-lam/nhan-vien-business-analyst-lam-viec-thu-2-6/1940172.html
Junior QA Mobile App,https://www.topcv.vn/viec-lam/junior-qa-mobile-app/2014152.html
Unity Developer (Funtap Games),https://www.topcv.vn/viec-lam/unity-developer-funtap-games/2012023.html
Java Developer (Server Game) (Junior/ Middle),https://www.topcv.vn/viec-lam/java-developer-server-game-junior-middle/2013220.html
C++ Developer,https://www.topcv.vn/viec-lam/c-developer/2014110.html
Sales Executive - Thu Nhập Hấp Dẫn - Làm Việc Tại Hồ Chí Minh,https://www.topcv.vn/viec-lam/sales-executive-thu-nhap-hap-dan-lam-viec-tai-ho-chi-minh/2004647.html
Senior C/C++ Developer,https://www.topcv.vn/viec-lam/senior-c-c-developer/1802893.html
Fullstack Developer (ReactJS; PHP Laravel),https://www.topcv.vn/viec-lam/fullstack-developer-reactjs-php-laravel/2013366.html
Kỹ Sư Presale,https://www.topcv.vn/viec-lam/ky-su-presale/1935681.html
Technical Leader (.NET),https://www.topcv.vn/viec-lam/technical-leader-net/2010788.html
Backend Developer - Senior Level (Pythonl) | Tối Thiểu 2 Năm Kinh Nghiệm | Mức Lương Upto 40M,https://www.topcv.vn/viec-lam/backend-developer-senior-level-pythonl-toi-thieu-2-nam-kinh-nghiem-muc-luong-upto-40m/1785633.html
Lập Trình Viên (Senior Developer),https://www.topcv.vn/viec-lam/lap-trinh-vien-senior-developer/2012810.html
DEV Backend Mobile (Từ 2 Năm KN) - Dự Án Bank/Finance - Upto 25M,https://www.topcv.vn/viec-lam/dev-backend-mobile-tu-2-nam-kn-du-an-bank-finance-upto-25m/2010906.html
Lập Trình Viên Android (Product Domain Bank/Fintech),https://www.topcv.vn/viec-lam/lap-trinh-vien-android-product-domain-bank-fintech/1941895.html
"Mid Unity Game Developer / Thu Nhập Đến 25 Triệu / Quận 2, Hồ Chí Minh",https://www.topcv.vn/viec-lam/mid-unity-game-developer-thu-nhap-den-25-trieu-quan-2-ho-chi-minh/1662457.html
"Senior Backend Developer (Node.Js) (Không Yêu Cầu Tiếng Anh, Nghỉ T7,CN) - Lương Upto 50 Triệu/Tháng",https://www.topcv.vn/viec-lam/senior-backend-developer-node-js-khong-yeu-cau-tieng-anh-nghi-t7-cn-luong-upto-50-trieu-thang/1990789.html
Nhân Viên Kinh Doanh B2B – IT / Laptop (HCM & HN),https://www.topcv.vn/viec-lam/nhan-vien-kinh-doanh-b2b-it-laptop-hcm-hn/1879831.html
Backend Developer (PHP),https://www.topcv.vn/viec-lam/backend-developer-php/1971855.html
Microsoft 365 Solutions Specialist - Salary Up 40M - 60M,https://www.topcv.vn/viec-lam/microsoft-365-solutions-specialist-salary-up-40m-60m/1986985.html
Backend Leader,https://www.topcv.vn/viec-lam/backend-leader/2014759.html
Mobile Developer,https://www.topcv.vn/viec-lam/mobile-developer/2014769.html
Middle GIS Developer,https://www.topcv.vn/viec-lam/middle-gis-developer/2015422.html
Thực Tập Sinh Lập Trình Mobile App,https://www.topcv.vn/viec-lam/thuc-tap-sinh-lap-trinh-mobile-app/2015402.html
Chuyên Viên Tech Support,https://www.topcv.vn/viec-lam/chuyen-vien-tech-support/2015367.html
Nhân Viên PC Control,https://www.topcv.vn/viec-lam/nhan-vien-pc-control/1411791.html
Trợ Lý Giám Đốc - Bộ Phận Máy,https://www.topcv.vn/viec-lam/tro-ly-giam-doc-bo-phan-may/1911405.html
Kỹ Sư Triển Khai Giải Pháp,https://www.topcv.vn/viec-lam/ky-su-trien-khai-giai-phap/1840322.html
Nhân Viên Lập Trình Máy NC,https://www.topcv.vn/viec-lam/nhan-vien-lap-trinh-may-nc/2014981.html
Nhân Viên Kỹ Thuật Máy Tính Biết Tiếng Trung,https://www.topcv.vn/viec-lam/nhan-vien-ky-thuat-may-tinh-biet-tieng-trung/2014938.html
Kỹ Sư Triển Khai Giải Pháp,https://www.topcv.vn/viec-lam/ky-su-trien-khai-giai-phap/1844516.html
Lập Trình PLC,https://www.topcv.vn/viec-lam/lap-trinh-plc/1933368.html
Technical Leader (PHP/JS),https://www.topcv.vn/viec-lam/technical-leader-php-js/1982060.html
Nhân Viên Vận Hành CMM,https://www.topcv.vn/viec-lam/nhan-vien-van-hanh-cmm/2014742.html
Sales Executive (Edtech/Sofware/IT Solutions/SaaS),https://www.topcv.vn/viec-lam/sales-executive-edtech-sofware-it-solutions-saas/2014715.html
Sales Dự Án CNTT/ĐTVT,https://www.topcv.vn/viec-lam/sales-du-an-cntt-dtvt/2014634.html
Nhân Viên Lập Trình Máy Phay CNC,https://www.topcv.vn/viec-lam/nhan-vien-lap-trinh-may-phay-cnc/1519567.html
Cộng Tác Viên SENIOR PYTHON/DJANGO,https://www.topcv.vn/viec-lam/cong-tac-vien-senior-python-django/2013166.html
Nhân Viên IT,https://www.topcv.vn/viec-lam/nhan-vien-it/2014844.html
Nhân Viên Vận Hành Hệ Thống CRM (Tiếng Nhật N2),https://www.topcv.vn/viec-lam/nhan-vien-van-hanh-he-thong-crm-tieng-nhat-n2/2014472.html
Kế Hoạch Phân Tích Và Điều Hành,https://www.topcv.vn/viec-lam/ke-hoach-phan-tich-va-dieu-hanh/1798674.html
Trợ Lý Dự Án IT,https://www.topcv.vn/viec-lam/tro-ly-du-an-it/1882129.html
Quản Lý Triển Khai Dự Án Phần Mềm,https://www.topcv.vn/viec-lam/quan-ly-trien-khai-du-an-phan-mem/1278910.html
"Lập Trình Viên Quản Trị Hệ Thống (Python, Java)",https://www.topcv.vn/viec-lam/lap-trinh-vien-quan-tri-he-thong-python-java/2014582.html
Software Integration Engineer,https://www.topcv.vn/viec-lam/software-integration-engineer/2013455.html
Programming Teacher - Giáo Viên Lập Trình,https://www.topcv.vn/viec-lam/programming-teacher-giao-vien-lap-trinh/1747826.html
Nhân Viên Phân Tích Nghiệp Vụ Phần Mềm (BA),https://www.topcv.vn/viec-lam/nhan-vien-phan-tich-nghiep-vu-phan-mem-ba/2014287.html
Nhân Viên Kỹ Thuật Viễn Thông,https://www.topcv.vn/viec-lam/nhan-vien-ky-thuat-vien-thong/736923.html
Nhân Viên Lập Trình Máy CNC,https://www.topcv.vn/viec-lam/nhan-vien-lap-trinh-may-cnc/1949553.html
"Lập Trình Viên PC CONTROL, C#",https://www.topcv.vn/viec-lam/lap-trinh-vien-pc-control-c/1933380.html
Thực Tập Sinh Tư Vấn Phát Triển Phần Mềm,https://www.topcv.vn/viec-lam/thuc-tap-sinh-tu-van-phat-trien-phan-mem/2014125.html
Nhân Viên Kinh Doanh Viễn Thông,https://www.topcv.vn/viec-lam/nhan-vien-kinh-doanh-vien-thong/2014081.html
Kỹ Thuật Viên Âm Thanh,https://www.topcv.vn/viec-lam/ky-thuat-vien-am-thanh/2014086.html
Kỹ Thuật Hệ Thống Mạng Và Thiết Bị,https://www.topcv.vn/viec-lam/ky-thuat-he-thong-mang-va-thiet-bi/1497125.html
IT Talent Acquisition (Dev Focus),https://www.topcv.vn/viec-lam/it-talent-acquisition-dev-focus/1940213.html
Sales IT Manager Thị Trường Nhật,https://www.topcv.vn/viec-lam/sales-it-manager-thi-truong-nhat/1907855.html
Nhân Viên Lập Trình CNC,https://www.topcv.vn/viec-lam/nhan-vien-lap-trinh-cnc/2012903.html
Trợ Giảng/Giáo Viên Part-Time CNTT/Lập Trình/Điện Tử/Truyền Thông Đa Phương Tiện [Hà Nội/Hoàn Kiếm/Long Biên/Cầu Giấy/Hà Đông] - Dành Cho Sinh Viên,https://www.topcv.vn/viec-lam/tro-giang-giao-vien-part-time-cntt-lap-trinh-dien-tu-truyen-thong-da-phuong-tien-ha-noi-hoan-kiem-long-bien-cau-giay-ha-dong-danh-cho-sinh-vien/1320905.html
Manual Tester (DB Testing),https://www.topcv.vn/viec-lam/manual-tester-db-testing/1971636.html
Chuyên Viên Quản Trị Mạng - Bảo Mật,https://www.topcv.vn/viec-lam/chuyen-vien-quan-tri-mang-bao-mat/2014298.html
ERP Consultant,https://www.topcv.vn/viec-lam/erp-consultant/2014308.html
Chuyên Viên Phát Triển Sản Phẩm Frontend,https://www.topcv.vn/viec-lam/chuyen-vien-phat-trien-san-pham-frontend/2014253.html
Technical Lead .Net,https://www.topcv.vn/viec-lam/technical-lead-net/1949442.html
Project Manager,https://www.topcv.vn/viec-lam/project-manager/1980935.html
Project Manager - Tiếng Hàn,https://www.topcv.vn/viec-lam/project-manager-tieng-han/1465685.html
Vận Hành Dự Án Game,https://www.topcv.vn/viec-lam/van-hanh-du-an-game/1815973.html
ASIC STA Engineer (Hybrid Working),https://www.topcv.vn/viec-lam/asic-sta-engineer-hybrid-working/2000227.html
Technical Lead – Backend & Infrastructure,https://www.topcv.vn/viec-lam/technical-lead-backend-infrastructure/2013892.html
Frontend ReactJS Lead,https://www.topcv.vn/viec-lam/frontend-reactjs-lead/2013894.html
FullStack Engineer (Sign-On Bonus),https://www.topcv.vn/viec-lam/fullstack-engineer-sign-on-bonus/2013879.html
Quality Assurance/Tester Bank,https://www.topcv.vn/viec-lam/quality-assurance-tester-bank/2013866.html
Backend Engineer (Sign-On Bonus),https://www.topcv.vn/viec-lam/backend-engineer-sign-on-bonus/2013810.html
Frontend Engineer (Sign-On Bonus),https://www.topcv.vn/viec-lam/frontend-engineer-sign-on-bonus/2013844.html
Android Developer,https://www.topcv.vn/viec-lam/android-developer/2013849.html
Business Analyst (Japanese),https://www.topcv.vn/viec-lam/business-analyst-japanese/1859068.html
Business Analyst,https://www.topcv.vn/viec-lam/business-analyst/1855493.html
Java Developer,https://www.topcv.vn/viec-lam/java-developer/1860371.html
Chuyên Viên Kiểm Thử - Manual Tester,https://www.topcv.vn/viec-lam/chuyen-vien-kiem-thu-manual-tester/1875744.html
Business Analyst Leader,https://www.topcv.vn/viec-lam/business-analyst-leader/1942655.html
Fullstack Engineer (Domain AI/Cloud),https://www.topcv.vn/viec-lam/fullstack-engineer-domain-ai-cloud/1859086.html
Mobile Developer,https://www.topcv.vn/viec-lam/mobile-developer/2013190.html
Nhân Viên Kiểm Thử Phần Mềm - Manual Tester,https://www.topcv.vn/viec-lam/nhan-vien-kiem-thu-phan-mem-manual-tester/2013145.html
Chuyên Viên Quản Trị Mạng Lưới Các Cơ Sở Y Tế,https://www.topcv.vn/viec-lam/chuyen-vien-quan-tri-mang-luoi-cac-co-so-y-te/1848906.html
IT Development Manager,https://www.topcv.vn/viec-lam/it-development-manager/2013907.html
Project Manager Kỹ Sư PM,https://www.topcv.vn/viec-lam/project-manager-ky-su-pm/2012192.html
Freelance PRODUCT STRATEGIST (Mobile App),https://www.topcv.vn/viec-lam/freelance-product-strategist-mobile-app/2013536.html
Trưởng Ngành Hàng Thiết Bị Điện Tử Android,https://www.topcv.vn/viec-lam/truong-nganh-hang-thiet-bi-dien-tu-android/2013862.html
Software Integration Engineer,https://www.topcv.vn/viec-lam/software-integration-engineer/2013480.html
Business Analyst,https://www.topcv.vn/viec-lam/business-analyst/1565708.html
SAP Project Manager,https://www.topcv.vn/viec-lam/sap-project-manager/1964540.html
Kỹ Thuật Máy Tính Phần Mềm,https://www.topcv.vn/viec-lam/ky-thuat-may-tinh-phan-mem/2013339.html
Senior IT Sales Representative,https://www.topcv.vn/viec-lam/senior-it-sales-representative/2013685.html
"Auto Tester (Playwright, Đi Làm Sau Tết)",https://www.topcv.vn/viec-lam/auto-tester-playwright-di-lam-sau-tet/2013621.html
Project Manager (Base Tech),https://www.topcv.vn/viec-lam/project-manager-base-tech/1847281.html
"Nhân Viên Kỹ Thuật Lắp Đặt, Bảo Dưỡng Mạng, Camera",https://www.topcv.vn/viec-lam/nhan-vien-ky-thuat-lap-dat-bao-duong-mang-camera/2013089.html
Technical Leader,https://www.topcv.vn/viec-lam/technical-leader/1841261.html
Senior .Net,https://www.topcv.vn/viec-lam/senior-net/2013187.html
Digital Marketing (Mobile App),https://www.topcv.vn/viec-lam/digital-marketing-mobile-app/1814034.html
Automation Tester/Chuyên Viên Kiểm Thử Tự Động,https://www.topcv.vn/viec-lam/automation-tester-chuyen-vien-kiem-thu-tu-dong/2013152.html
Marketing Manager (Real Estate Developer),https://www.topcv.vn/viec-lam/marketing-manager-real-estate-developer/1563058.html
Business Analyst,https://www.topcv.vn/viec-lam/business-analyst/2013170.html
IT Comtor - Tiếng Hàn,https://www.topcv.vn/viec-lam/it-comtor-tieng-han/1884887.html
Senior NestJS,https://www.topcv.vn/viec-lam/senior-nestjs/1981378.html
Sales IT - Business Development (Topik 5/6),https://www.topcv.vn/viec-lam/sales-it-business-development-topik-5-6/1116383.html
Nhân Viên Lập Trình Máy Tiện CNC,https://www.topcv.vn/viec-lam/nhan-vien-lap-trinh-may-tien-cnc/2013324.html
Senior NestJS,https://www.topcv.vn/viec-lam/senior-nestjs/2013107.html
Oracle Developer,https://www.topcv.vn/viec-lam/oracle-developer/1780175.html
Trưởng Nhóm Quản Trị Hệ Thống (System & Network Lead),https://www.topcv.vn/viec-lam/truong-nhom-quan-tri-he-thong-system-network-lead/2013313.html
Giáo Viên Môn Công Nghệ Thông Tin (ICT/IT),https://www.topcv.vn/viec-lam/giao-vien-mon-cong-nghe-thong-tin-ict-it/773445.html
Intern Prompt Engineer (No-Code/Low-Code),https://www.topcv.vn/viec-lam/intern-prompt-engineer-no-code-low-code/2013016.html
Nhân Viên IT,https://www.topcv.vn/viec-lam/nhan-vien-it/2013032.html
Giảng Viên Khoa Công Nghệ Thông Tin,https://www.topcv.vn/viec-lam/giang-vien-khoa-cong-nghe-thong-tin/2012954.html
Thực Tập Tư Vấn Triển Khai ERP,https://www.topcv.vn/viec-lam/thuc-tap-tu-van-trien-khai-erp/1709526.html
Nhân Viên Dự Án Công Nghệ Thông Tin,https://www.topcv.vn/viec-lam/nhan-vien-du-an-cong-nghe-thong-tin/1697439.html
"Tester (AI Data, Computer Vision)",https://www.topcv.vn/viec-lam/tester-ai-data-computer-vision/2012296.html
Business Analyst/Product Owner (Có Thể Đi Làm Sau Tết),https://www.topcv.vn/viec-lam/business-analyst-product-owner-co-the-di-lam-sau-tet/1914758.html
Business Analyst (Tiếng Anh Giao Tiếp Tốt),https://www.topcv.vn/viec-lam/business-analyst-tieng-anh-giao-tiep-tot/2012576.html
Nhân Viên Kỹ Thuật Lập Trình,https://www.topcv.vn/viec-lam/nhan-vien-ky-thuat-lap-trinh/2013073.html
IT Account Manager/Sales B2B (Banking Project),https://www.topcv.vn/viec-lam/it-account-manager-sales-b2b-banking-project/2012929.html
Thực Tập Sinh Tư Vấn Thiết Kế Website,https://www.topcv.vn/viec-lam/thuc-tap-sinh-tu-van-thiet-ke-website/2013090.html
Mobile App Developer,https://www.topcv.vn/viec-lam/mobile-app-developer/1955674.html
Korean IT Comtor,https://www.topcv.vn/viec-lam/korean-it-comtor/1966504.html
Chuyên Viên Sản Phẩm - Product Owner (Mobile App),https://www.topcv.vn/viec-lam/chuyen-vien-san-pham-product-owner-mobile-app/2012789.html
Business Analyst - OB Sau 1 Tuần,https://www.topcv.vn/viec-lam/business-analyst-ob-sau-1-tuan/2012783.html
Lập Trình IOS,https://www.topcv.vn/viec-lam/lap-trinh-ios/2012738.html
Leader Java,https://www.topcv.vn/viec-lam/leader-java/1184995.html
Trợ Lý Kỹ Thuật Vận Hành Máy Bay Nông Nghiệp,https://www.topcv.vn/viec-lam/tro-ly-ky-thuat-van-hanh-may-bay-nong-nghiep/2012602.html
Mid-Level Developer (Cải Tiến & Vận Hành Web),https://www.topcv.vn/viec-lam/mid-level-developer-cai-tien-van-hanh-web/1978315.html
Backend Tech Lead (NodeJS/NestJS),https://www.topcv.vn/viec-lam/backend-tech-lead-nodejs-nestjs/2012452.html
Leader QA Có Kinh Nghiệm Test,https://www.topcv.vn/viec-lam/leader-qa-co-kinh-nghiem-test/1934985.html
System Engineer (Linux Operation/ DBA),https://www.topcv.vn/viec-lam/system-engineer-linux-operation-dba/1939839.html
Chuyên Viên Kinh Doanh Dự Án B2B Lĩnh Vực CNTT,https://www.topcv.vn/viec-lam/chuyen-vien-kinh-doanh-du-an-b2b-linh-vuc-cntt/2012302.html
Mobile Developer (Android),https://www.topcv.vn/viec-lam/mobile-developer-android/2011341.html
Senior Developer FullStack (Nâng Cấp Hệ Thống Web),https://www.topcv.vn/viec-lam/senior-developer-fullstack-nang-cap-he-thong-web/1978328.html
Leader Nodejs - Đi Làm Ngay,https://www.topcv.vn/viec-lam/leader-nodejs-di-lam-ngay/1500770.html
Sales Leader (IT Solution),https://www.topcv.vn/viec-lam/sales-leader-it-solution/2012197.html
Senior Application Engineer,https://www.topcv.vn/viec-lam/senior-application-engineer/1828402.html
Chuyên Viên Chuyển Đổi Số,https://www.topcv.vn/viec-lam/chuyen-vien-chuyen-doi-so/1773313.html
Performance Marketing Manager (Mobile App),https://www.topcv.vn/viec-lam/performance-marketing-manager-mobile-app/1857379.html
Backend Lead Engineer,https://www.topcv.vn/viec-lam/backend-lead-engineer/2011863.html
Lập Trình Mobile App,https://www.topcv.vn/viec-lam/lap-trinh-mobile-app/1918110.html
Thực Tập Sinh Comtor,https://www.topcv.vn/viec-lam/thuc-tap-sinh-comtor/1934976.html
Lập Trình Game Unity 3D (Intern),https://www.topcv.vn/viec-lam/lap-trinh-game-unity-3d-intern/1964272.html
Nhân Viên Developer – Hàng Len (Knitwear),https://www.topcv.vn/viec-lam/nhan-vien-developer-hang-len-knitwear/2011788.html
Senior Java,https://www.topcv.vn/viec-lam/senior-java/1662342.html
Kỹ Sư Tự Động Hóa,https://www.topcv.vn/viec-lam/ky-su-tu-dong-hoa/2011727.html
Thực Tập Sinh Lập Trình Unity Game 3D (Fulltime),https://www.topcv.vn/viec-lam/thuc-tap-sinh-lap-trinh-unity-game-3d-fulltime/1791222.html
Nhân Viên Kinh Doanh - Ngành Công Nghệ Thông Tin,https://www.topcv.vn/viec-lam/nhan-vien-kinh-doanh-nganh-cong-nghe-thong-tin/1870933.html
Mobile Developer (IOS),https://www.topcv.vn/viec-lam/mobile-developer-ios/2011353.html
Java Developer,https://www.topcv.vn/viec-lam/java-developer/2011322.html
Junior Tester_Tiếng Anh Tốt,https://www.topcv.vn/viec-lam/junior-tester-tieng-anh-tot/2009502.html
Java Team Leader - Viettel Digital,https://www.topcv.vn/viec-lam/java-team-leader-viettel-digital/1403519.html
Backend Lead Engineer,https://www.topcv.vn/viec-lam/backend-lead-engineer/2011381.html
Project Manager,https://www.topcv.vn/viec-lam/project-manager/2011987.html
UX/UI Designer Cho Các Dự Án Website & Mobile App.,https://www.topcv.vn/viec-lam/ux-ui-designer-cho-cac-du-an-website-mobile-app/1998304.html
IT Application Leader,https://www.topcv.vn/viec-lam/it-application-leader/2011610.html
Backend,https://www.topcv.vn/viec-lam/backend/1974243.html
Unity Dev,https://www.topcv.vn/viec-lam/unity-dev/2011560.html
Tư Vấn Khách Hàng Dịch Vụ IT,https://www.topcv.vn/viec-lam/tu-van-khach-hang-dich-vu-it/2010556.html
Nhân Viên Mobile App,https://www.topcv.vn/viec-lam/nhan-vien-mobile-app/1942516.html
NV Kinh Doanh-Thiết Bị & Giải Pháp Nghe Nhìn AV/IT,https://www.topcv.vn/viec-lam/nv-kinh-doanh-thiet-bi-giai-phap-nghe-nhin-av-it/2011457.html
Chuyên Viên Tuyển Dụng,https://www.topcv.vn/viec-lam/chuyen-vien-tuyen-dung/1978214.html
Mobile Developer (Flutter),https://www.topcv.vn/viec-lam/mobile-developer-flutter/2011347.html
Manual Tester,https://www.topcv.vn/viec-lam/manual-tester/2011307.html
Java Developer,https://www.topcv.vn/viec-lam/java-developer/2011301.html
Sales Executive (IT)_Thị Trường Tiếng Anh,https://www.topcv.vn/viec-lam/sales-executive-it-thi-truong-tieng-anh/2011314.html
Developer (Backend Mobile),https://www.topcv.vn/viec-lam/developer-backend-mobile/2011335.html
Business Analyst,https://www.topcv.vn/viec-lam/business-analyst/2011294.html
Presales Consultant,https://www.topcv.vn/viec-lam/presales-consultant/2007182.html
Nhân Viên UA Marketing (Mobile App/Game),https://www.topcv.vn/viec-lam/nhan-vien-ua-marketing-mobile-app-game/2011236.html
Technical Project Manager,https://www.topcv.vn/viec-lam/technical-project-manager/1945531.html
Business Analyst,https://www.topcv.vn/viec-lam/business-analyst/2011202.html
IT Tiếng Nhật Mới Tốt Nghiệp,https://www.topcv.vn/viec-lam/it-tieng-nhat-moi-tot-nghiep/2011075.html
Lập Trình Viên ERP (ERP Project Developer),https://www.topcv.vn/viec-lam/lap-trinh-vien-erp-erp-project-developer/2011011.html
Manual Tester (Onsite Bank),https://www.topcv.vn/viec-lam/manual-tester-onsite-bank/1665543.html
Nhân Viên Kỹ Thuật CNC,https://www.topcv.vn/viec-lam/nhan-vien-ky-thuat-cnc/1899998.html
IT Project Manager,https://www.topcv.vn/viec-lam/it-project-manager/1738832.html
Product Owner (Mobile App),https://www.topcv.vn/viec-lam/product-owner-mobile-app/1706622.html
Chuyên Viên Tư Vấn Giải Pháp CNTT(Presales),https://www.topcv.vn/viec-lam/chuyen-vien-tu-van-giai-phap-cnttpresales/2010693.html
Trợ Lý Mảng Công Nghệ (Senior BA),https://www.topcv.vn/viec-lam/tro-ly-mang-cong-nghe-senior-ba/1881994.html
Chuyên Viên Phân Tích Nghiệp Vụ (BA),https://www.topcv.vn/viec-lam/chuyen-vien-phan-tich-nghiep-vu-ba/1861338.html
Presales Networks Engineer (Tư Vấn Kỹ Thuật),https://www.topcv.vn/viec-lam/presales-networks-engineer-tu-van-ky-thuat/1032919.html
Trưởng Bộ Phận Phát Triển Phần Mềm Nhúng,https://www.topcv.vn/viec-lam/truong-bo-phan-phat-trien-phan-mem-nhung/2010594.html
Phiên Dịch Tiếng Nhật (IT Comtor),https://www.topcv.vn/viec-lam/phien-dich-tieng-nhat-it-comtor/1445644.html
Project Manager,https://www.topcv.vn/viec-lam/project-manager/2010516.html
3D Artist (3D Game Modelling),https://www.topcv.vn/viec-lam/3d-artist-3d-game-modelling/1803558.html
Lập Trình Viên Angular,https://www.topcv.vn/viec-lam/lap-trinh-vien-angular/2010438.html
IOS Developer,https://www.topcv.vn/viec-lam/ios-developer/2007267.html
IT Business Development,https://www.topcv.vn/viec-lam/it-business-development/2009756.html
Video/Motion Editor (App Mobile),https://www.topcv.vn/viec-lam/video-motion-editor-app-mobile/1974998.html
"Chuyên Viên Kinh Doanh/ Sales Ngành Camera, CNTT",https://www.topcv.vn/viec-lam/chuyen-vien-kinh-doanh-sales-nganh-camera-cntt/2010354.html
Bridge Software Engineer (BrSE),https://www.topcv.vn/viec-lam/bridge-software-engineer-brse/2009784.html
Kỹ Sư Cấu Hình Hệ Thống,https://www.topcv.vn/viec-lam/ky-su-cau-hinh-he-thong/2009836.html
Nhân Viên ERP (Lập Trình Và Phát Triển Hệ Thống),https://www.topcv.vn/viec-lam/nhan-vien-erp-lap-trinh-va-phat-trien-he-thong/2010286.html
Chuyên Viên Giải Pháp Dữ Liệu,https://www.topcv.vn/viec-lam/chuyen-vien-giai-phap-du-lieu/2010874.html
Chuyên Viên Tuyển Dụng IT_Tiếng Nhật,https://www.topcv.vn/viec-lam/chuyen-vien-tuyen-dung-it-tieng-nhat/1870210.html
Chuyên Viên Tư Vấn Nghiệp Vụ Sản Phẩm (BA),https://www.topcv.vn/viec-lam/chuyen-vien-tu-van-nghiep-vu-san-pham-ba/1971480.html
IT Comtor (N2),https://www.topcv.vn/viec-lam/it-comtor-n2/1875505.html
Technical Leader (.Net),https://www.topcv.vn/viec-lam/technical-leader-net/2009893.html
Network Security Engineer,https://www.topcv.vn/viec-lam/network-security-engineer/1836177.html
Firmware Engineer,https://www.topcv.vn/viec-lam/firmware-engineer/2009949.html
Kỹ Sư Lập Trình Phần Mềm Test & Xử Lý Hình Ảnh,https://www.topcv.vn/viec-lam/ky-su-lap-trinh-phan-mem-test-xu-ly-hinh-anh/2009904.html
Thiết Kế UI/UX (Mảng App Mobile),https://www.topcv.vn/viec-lam/thiet-ke-ui-ux-mang-app-mobile/1634618.html
Devops Engineer (Có Kinh Nghiệm BE Developer),https://www.topcv.vn/viec-lam/devops-engineer-co-kinh-nghiem-be-developer/1915540.html
Trưởng Nhóm Mobile Developer,https://www.topcv.vn/viec-lam/truong-nhom-mobile-developer/2009476.html
Backend Developer (Have Japanese),https://www.topcv.vn/viec-lam/backend-developer-have-japanese/1816337.html
Nhân Viên Kinh Doanh,https://www.topcv.vn/viec-lam/nhan-vien-kinh-doanh/1229615.html
Phân Tích Nghiệp Vụ (Tiếng Trung/ Mandarin),https://www.topcv.vn/viec-lam/phan-tich-nghiep-vu-tieng-trung-mandarin/2005967.html
[Hanoi] Pre-Sales,https://www.topcv.vn/viec-lam/hanoi-pre-sales/2009271.html
Chuyên Viên Lập Trình CNC - CNC Programmer,https://www.topcv.vn/viec-lam/chuyen-vien-lap-trinh-cnc-cnc-programmer/1928929.html
Software Delivery Manager,https://www.topcv.vn/viec-lam/software-delivery-manager/1725130.html
Phó Phòng Kỹ Thuật,https://www.topcv.vn/viec-lam/pho-phong-ky-thuat/1113285.html
Fresher Business Development - B2B,https://www.topcv.vn/viec-lam/fresher-business-development-b2b/2006239.html
Lập Trình Viên Dev,https://www.topcv.vn/viec-lam/lap-trinh-vien-dev/1041306.html
Chuyên Viên Tư Vấn Phần Mềm ERP (Tiếng Trung),https://www.topcv.vn/viec-lam/chuyen-vien-tu-van-phan-mem-erp-tieng-trung/1535301.html
Trưởng Nhóm Business Analyst,https://www.topcv.vn/viec-lam/truong-nhom-business-analyst/1877729.html
Security Solution Consultant,https://www.topcv.vn/viec-lam/security-solution-consultant/2009478.html
Giảng Viên Cơ Hữu Ngành Công Nghệ Thông Tin,https://www.topcv.vn/viec-lam/giang-vien-co-huu-nganh-cong-nghe-thong-tin/1982226.html
Chuyên Viên Mua Hàng (IT Purchasing),https://www.topcv.vn/viec-lam/chuyen-vien-mua-hang-it-purchasing/1975734.html
Middle Business Analyst ( Chuyên Thầu Dự Án),https://www.topcv.vn/viec-lam/middle-business-analyst-chuyen-thau-du-an/2008288.html
Senior Mobile/Flutter Developer,https://www.topcv.vn/viec-lam/senior-mobile-flutter-developer/1702177.html
Senior JavaScript Developer,https://www.topcv.vn/viec-lam/senior-javascript-developer/1689493.html
Projects Manager – Workflow & Automation,https://www.topcv.vn/viec-lam/projects-manager-workflow-automation/2008238.html
System Engineer,https://www.topcv.vn/viec-lam/system-engineer/2008963.html
Junior 3D Artist - UNITY,https://www.topcv.vn/viec-lam/junior-3d-artist-unity/1997205.html
Lập Trình Odoo (Junior),https://www.topcv.vn/viec-lam/lap-trinh-odoo-junior/2008883.html
Chuyên Viên Tư Vấn,https://www.topcv.vn/viec-lam/chuyen-vien-tu-van/1924864.html
Vận Hành Và Phát Triển Kênh TikTok FullStack,https://www.topcv.vn/viec-lam/van-hanh-va-phat-trien-kenh-tiktok-fullstack/2008717.html
Project Manager (Domain Bank/Fintech),https://www.topcv.vn/viec-lam/project-manager-domain-bank-fintech/2008797.html
Nhân Viên IT (Phần Mềm),https://www.topcv.vn/viec-lam/nhan-vien-it-phan-mem/835788.html
Nhân Viên Triển Khai Phần Mềm (HR Software),https://www.topcv.vn/viec-lam/nhan-vien-trien-khai-phan-mem-hr-software/1790471.html
Nhân Viên Unity Playable Ads,https://www.topcv.vn/viec-lam/nhan-vien-unity-playable-ads/1870584.html
Thực Tập Sinh Website WordPress,https://www.topcv.vn/viec-lam/thuc-tap-sinh-website-wordpress/2005466.html
Business Analyst (Japanese),https://www.topcv.vn/viec-lam/business-analyst-japanese/1791843.html
Cộng Tác Viên Wordpress (Có Tiếng Anh Giao Tiếp),https://www.topcv.vn/viec-lam/cong-tac-vien-wordpress-co-tieng-anh-giao-tiep/1997362.html
Nhân Viên Kinh Doanh IT Phần Cứng,https://www.topcv.vn/viec-lam/nhan-vien-kinh-doanh-it-phan-cung/2001666.html
Solutions Architect,https://www.topcv.vn/viec-lam/solutions-architect/1995460.html
Junior Service Engineer,https://www.topcv.vn/viec-lam/junior-service-engineer/1425608.html
Technical Leader,https://www.topcv.vn/viec-lam/technical-leader/2008306.html
Business Development Software,https://www.topcv.vn/viec-lam/business-development-software/1973640.html
Technical Leader,https://www.topcv.vn/viec-lam/technical-leader/2008298.html
SRE / DevOps Mobile Performance,https://www.topcv.vn/viec-lam/sre-devops-mobile-performance/2008159.html
Java Developer,https://www.topcv.vn/viec-lam/java-developer/2008180.html
Business Analyst Data Min 3 Năm Kinh Nghiệm,https://www.topcv.vn/viec-lam/business-analyst-data-min-3-nam-kinh-nghiem/1685349.html
Chuyên Viên Hỗ Trợ Người Dùng IT Helpdesk,https://www.topcv.vn/viec-lam/chuyen-vien-ho-tro-nguoi-dung-it-helpdesk/1327591.html
Senior Java Developer,https://www.topcv.vn/viec-lam/senior-java-developer/1977789.html
Business Development Executive,https://www.topcv.vn/viec-lam/business-development-executive/2007879.html
UA Marketing Leader (Mobile App),https://www.topcv.vn/viec-lam/ua-marketing-leader-mobile-app/2007847.html
Data Integration Engineer,https://www.topcv.vn/viec-lam/data-integration-engineer/1936837.html
Project Manager,https://www.topcv.vn/viec-lam/project-manager/1951918.html
Developer Staff,https://www.topcv.vn/viec-lam/developer-staff/2007633.html
Nhân Viên Sales IT,https://www.topcv.vn/viec-lam/nhan-vien-sales-it/2001622.html
Junior Developer (Nền Tảng Vận Hành Web),https://www.topcv.vn/viec-lam/junior-developer-nen-tang-van-hanh-web/1978305.html
Business Development Manager (IT/Software),https://www.topcv.vn/viec-lam/business-development-manager-it-software/2007050.html
IT Comtor/Sub-PM,https://www.topcv.vn/viec-lam/it-comtor-sub-pm/2007605.html
Fullstack Developer,https://www.topcv.vn/viec-lam/fullstack-developer/2007483.html
Senior Power Platform Developer,https://www.topcv.vn/viec-lam/senior-power-platform-developer/1978867.html
Android Developer (Banking),https://www.topcv.vn/viec-lam/android-developer-banking/1871183.html
Nhân Viên Linh Kiện IT (6-Month Contract),https://www.topcv.vn/viec-lam/nhan-vien-linh-kien-it-6-month-contract/2006299.html
MES Admin,https://www.topcv.vn/viec-lam/mes-admin/726623.html
Chuyên Viên Kiểm Thử Phần Mềm,https://www.topcv.vn/viec-lam/chuyen-vien-kiem-thu-phan-mem/1965628.html
Salesforce Developer,https://www.topcv.vn/viec-lam/salesforce-developer/2007566.html
Business Analyst (Fintech),https://www.topcv.vn/viec-lam/business-analyst-fintech/1962076.html
Giám Đốc Công Nghệ (CTO),https://www.topcv.vn/viec-lam/giam-doc-cong-nghe-cto/2006999.html
Nhân Viên Kinh Doanh Công Nghệ Thông Tin MobiFone,https://www.topcv.vn/viec-lam/nhan-vien-kinh-doanh-cong-nghe-thong-tin-mobifone/1808164.html
Lập Trình Viên Android,https://www.topcv.vn/viec-lam/lap-trinh-vien-android/2007268.html
AEM Senior Developer,https://www.topcv.vn/viec-lam/aem-senior-developer/1994548.html
Chuyên Viên Giải Pháp Phần Mềm,https://www.topcv.vn/viec-lam/chuyen-vien-giai-phap-phan-mem/1887527.html
Chuyên Viên Phát Triển Phần Mềm Fullstack,https://www.topcv.vn/viec-lam/chuyen-vien-phat-trien-phan-mem-fullstack/2007000.html
Intern Business Analyst (Thực Tập Sinh),https://www.topcv.vn/viec-lam/intern-business-analyst-thuc-tap-sinh/2006878.html
Trưởng Nhóm Số Hóa Tài Liệu,https://www.topcv.vn/viec-lam/truong-nhom-so-hoa-tai-lieu/2006879.html
Chuyên Viên Hỗ Trợ Công Nghệ Thông Tin,https://www.topcv.vn/viec-lam/chuyen-vien-ho-tro-cong-nghe-thong-tin/2006903.html
Nhân Viên Kỹ Thuật IT,https://www.topcv.vn/viec-lam/nhan-vien-ky-thuat-it/2006740.html
IT Comtor,https://www.topcv.vn/viec-lam/it-comtor/2007051.html
Assistant Technology - AI Application (Senior BA),https://www.topcv.vn/viec-lam/assistant-technology-ai-application-senior-ba/1976747.html
Senior IT Security Officer (Mảng Operation),https://www.topcv.vn/viec-lam/senior-it-security-officer-mang-operation/2006438.html
IT Comtor,https://www.topcv.vn/viec-lam/it-comtor/2006435.html
Sales IT,https://www.topcv.vn/viec-lam/sales-it/2006686.html
Technical Leader (Nodejs/ Java/ Golang),https://www.topcv.vn/viec-lam/technical-leader-nodejs-java-golang/2006300.html
Materials Developer (Native English Speaker),https://www.topcv.vn/viec-lam/materials-developer-native-english-speaker/2005553.html
Kỹ Sư IT Lương Cao,https://www.topcv.vn/viec-lam/ky-su-it-luong-cao/1904330.html
Playable Ads Developer,https://www.topcv.vn/viec-lam/playable-ads-developer/1888709.html
"Tư Vấn Giải Pháp Kỹ Thuật (ELV, ME)",https://www.topcv.vn/viec-lam/tu-van-giai-phap-ky-thuat-elv-me/1709531.html
IT Helpdesk,https://www.topcv.vn/viec-lam/it-helpdesk/2006112.html
Business Analyst (MES),https://www.topcv.vn/viec-lam/business-analyst-mes/2006321.html
Nhân Viên Kinh Doanh Công Nghệ Thông Tin,https://www.topcv.vn/viec-lam/nhan-vien-kinh-doanh-cong-nghe-thong-tin/1817489.html
